{
  "name": "shop",
  "plural": "shop",
  "base": "PersistedModel",
  "idInjection": true,
  "options": {
    "validateUpsert": true
  },
  "properties": {
    "shopname": {
      "type": "string",
      "required": true
    },
    "shopId": {
      "type": "number"
    },
    "url": {
      "type": "string",
      "required": true
    },
    "createdDate": {
      "type": "date"
    },
    "targeturl": {
      "type": "string",
      "required": true
    },
    "newLoc": {
      "type": "string",
      "required": true
    }
  },
  "validations": [],
  "relations": {},
  "acls": [],
  "methods": {}
}
